Product Name,Product URL,Price,Rating,No. of Reviews
"FUR JADEN Anti Theft Number Lock Backpack Bag with 15.6 Inch Laptop Compartment, USB Charging Port & Organizer Pocket for Men Women Boys Girls",https://www.amazon.in/sspa/click?ie=UTF8&spc=MToyMzg3NTQzNzg0ODI3NjU1OjE2OTc2MzgxMTQ6c3BfYXRmOjIwMDM4MzA5Nzg4Mjk4OjowOjo&url=%2FNumber-Backpack-Compartment-Charging-Organizer%2Fdp%2FB09VTDMRY7%2Fref%3Dsr_1_1_sspa%3Fcrid%3D2M096C61O4MLT%26keywords%3Dbags%26qid%3D1697638114%26sprefix%3Dba%252Caps%25252%26sr%3D8-1-spons%26sp_csd%3Dd2lkZ2V0TmFtZT1zcF9hdGY%26psc%3D1,749,4.1 out of 5 stars,"6,672"
URBAN TRIBE Fitpack Neo Multipurpose Laptop Backpack for Men & Women | Laptop Bag 15.6 inch | Gym backpack with Shoe Compartment,https://www.amazon.in/sspa/click?ie=UTF8&spc=MToyMzg3NTQzNzg0ODI3NjU1OjE2OTc2MzgxMTQ6c3BfYXRmOjMwMDA3NDk2NDM5NTMzMjo6MDo6&url=%2FUrban-Tribe-Backpack-Separate-Compartment%2Fdp%2FB07SKBCWJJ%2Fref%3Dsr_1_2_sspa%3Fcrid%3D2M096C61O4MLT%26keywords%3Dbags%26qid%3D1697638114%26sprefix%3Dba%252Caps%25252%26sr%3D8-2-spons%26sp_csd%3Dd2lkZ2V0TmFtZT1zcF9hdGY%26psc%3D1,"1,829",3.8 out of 5 stars,660
Wesley Milestone 2.0 Casual Waterproof Laptop Backpack/Office Bag/School Bag/College Bag/Business Bag/Travel Backpack (Dimensions:13x18 inches) (Compatible with 15.6 inch laptop) 30 L (Blue & black),https://www.amazon.in/Wesley-Milestone-Waterproof-Backpack-Business/dp/B084JGJ8PF/ref=ice_ac_b_dpb?crid=2M096C61O4MLT&keywords=bags&qid=1697638114&sprefix=ba%2Caps%252&sr=8-3,499,4.3 out of 5 stars,"13,238"
Wesley Spartan Unisex Travel Hiking Laptop Bag fits Upto 17.3 inch with Raincover and Internal Organiser Backpack Rucksack College Bag,https://www.amazon.in/Wesley-Spartan-Hiking-Raincover-Organiser/dp/B098QFF5TJ/ref=sr_1_4?crid=2M096C61O4MLT&keywords=bags&qid=1697638114&sprefix=ba%2Caps%252&sr=8-4,689,4.1 out of 5 stars,"1,956"
TRUE HUMAN EMPEROR® Anti-Theft backpack With USB charging Port Laptop bag/Office bag/college bag/travel bag with anti -theft back pocket (LEGEND),https://www.amazon.in/gp/bestsellers/computers/1375464031/ref=sr_bs_4_1375464031_1,529,3.7 out of 5 stars,"2,773"
Half Moon Large 37L Laptop Bag Backpack for menं Women Boys and Girls Luggage Travel Bags with 17.3 inches Laptop Compartment & Rain Cover,https://www.amazon.in/Half-Moon-Backpack-Luggage-Compartment/dp/B09VCLZ3K4/ref=sr_1_6?crid=2M096C61O4MLT&keywords=bags&qid=1697638114&sprefix=ba%2Caps%252&sr=8-6,689,3.9 out of 5 stars,"3,853"
American Tourister Fizz Large Size 32 Ltrs Casual Backpack (BLACK),https://www.amazon.in/gp/bestsellers/luggage/2917436031/ref=sr_bs_6_2917436031_1,"1,049",4.0 out of 5 stars,"56,358"
"FUR JADEN Anti Theft Number Lock Backpack Bag with 15.6 Inch Laptop Compartment, USB Charging Port & Organizer Pocket for Men Women Boys Girls",https://www.amazon.in/Number-Backpack-Compartment-Charging-Organizer/dp/B09VTDMRY7/ref=sr_1_8?crid=2M096C61O4MLT&keywords=bags&qid=1697638114&sprefix=ba%2Caps%252&sr=8-8,749,4.1 out of 5 stars,"6,672"
"Lenovo 15.6"" (39.62cm) Slim Everyday Backpack, Made in India, Compact, Water-resistant, Organized storage:Laptop sleeve,tablet pocket,front workstation,2-side pockets,Padded adjustable shoulder straps",https://www.amazon.in/Lenovo-15-6-Inches-Everyday-Backpack/dp/B08R7RPVJF/ref=sr_1_9?crid=2M096C61O4MLT&keywords=bags&qid=1697638114&sprefix=ba%2Caps%252&sr=8-9,449,4.4 out of 5 stars,"5,280"
"Half Moon 35L Water Resistant 15.6 inch Laptop Bag/ Backpack, Navy Blue | Office Bag for Men and Women with Padded Laptop Compartment | Rain Cover & Reflective Strips",https://www.amazon.in/Half-Moon-Waterproof-Backpack-Students/dp/B085MHDJ93/ref=sr_1_10?crid=2M096C61O4MLT&keywords=bags&qid=1697638114&sprefix=ba%2Caps%252&sr=8-10,399,3.9 out of 5 stars,"17,616"
"WALKENT Premium 15.6 Inch Laptop Bag | External USB | Waterproof Backpack | Cushioned Straps | Multi Pockets | For Office, College, Men, Women - Urban, 28 Ltrs",https://www.amazon.in/sspa/click?ie=UTF8&spc=MToyMzg3NTQzNzg0ODI3NjU1OjE2OTc2MzgxMTQ6c3BfbXRmOjMwMDAzNTY5NDU0MDUzMjo6MDo6&url=%2FWALKENT-External-Waterproof-Backpack-Cushioned%2Fdp%2FB0BRYDXSHP%2Fref%3Dsr_1_11_sspa%3Fcrid%3D2M096C61O4MLT%26keywords%3Dbags%26qid%3D1697638114%26sprefix%3Dba%252Caps%25252%26sr%3D8-11-spons%26sp_csd%3Dd2lkZ2V0TmFtZT1zcF9tdGY%26psc%3D1,"2,990",N/A,N/A
"WALKENT 15.6"" Laptop Bags with Special Waterproof Silk Polyester Material for Office, College, Men & Women (Model Hazel, 20 Liters, Black)",https://www.amazon.in/sspa/click?ie=UTF8&spc=MToyMzg3NTQzNzg0ODI3NjU1OjE2OTc2MzgxMTQ6c3BfbXRmOjMwMDAwNjc3NDc4MzEzMjo6MDo6&url=%2FWALKENT-Waterproof-Polyester-Material-Hazel%2Fdp%2FB0C7KP5BT4%2Fref%3Dsr_1_12_sspa%3Fcrid%3D2M096C61O4MLT%26keywords%3Dbags%26qid%3D1697638114%26sprefix%3Dba%252Caps%25252%26sr%3D8-12-spons%26sp_csd%3Dd2lkZ2V0TmFtZT1zcF9tdGY%26psc%3D1,"2,190",4.3 out of 5 stars,27
ADISA 15.6 inch laptop backpack office bag college travel back pack 32 Ltrs,https://www.amazon.in/ADISA-Laptop-Backpack-Office-College/dp/B09TPX22NF/ref=sr_1_13?crid=2M096C61O4MLT&keywords=bags&qid=1697638114&sprefix=ba%2Caps%252&sr=8-13,399,3.9 out of 5 stars,"1,399"
Fur Jaden Brown Textured Leatherette Stylish & Spacious Weekender Duffle Bag for Travel,https://www.amazon.in/FUR-JADEN-Leatherette-Polypropylene-DUFF05/dp/B07M9BRCQ5/ref=sr_1_14?crid=2M096C61O4MLT&keywords=bags&qid=1697638114&sprefix=ba%2Caps%252&sr=8-14,799,4.3 out of 5 stars,"6,886"
"Safari Omega 30L Laptop Backpack with Raincover, school bag for boys and girls, college bag, office bag, travel bag for men and women, Teal",https://www.amazon.in/Safari-Laptop-Backpack-Raincover-college/dp/B097JH4V5G/ref=sr_1_15?crid=2M096C61O4MLT&keywords=bags&qid=1697638114&sprefix=ba%2Caps%252&sr=8-15,699,3.9 out of 5 stars,155
American Tourister Valex 28 Ltrs Large Laptop Backpack with Bottle Pocket and Front Organizer- Black,https://www.amazon.in/American-Tourister-BACKPACK-COMPARTMENT-ORGANIZER/dp/B0BTD4S4XF/ref=sr_1_16?crid=2M096C61O4MLT&keywords=bags&qid=1697638114&sprefix=ba%2Caps%252&sr=8-16,"1,399",4.3 out of 5 stars,"1,345"
ADISA 32L large laptop backpack office bag college travel back pack with rain cover,https://www.amazon.in/ADISA-Laptop-Backpack-Office-College/dp/B0BPTV3795/ref=sr_1_17?crid=2M096C61O4MLT&keywords=bags&qid=1697638114&sprefix=ba%2Caps%252&sr=8-17,449,3.8 out of 5 stars,436
ADISA 32 Ltrs Water Resistant Casual Travel Bagpack/College Backpack/School Office Bag for Men and Women,https://www.amazon.in/ADISA-BP010-Weight-Casual-Backpack/dp/B07MXL986B/ref=sr_1_18?crid=2M096C61O4MLT&keywords=bags&qid=1697638114&sprefix=ba%2Caps%252&sr=8-18,374,3.9 out of 5 stars,"4,292"
"Mi Step Out 12 L Mini Backpack (Small Size, Black, Water Repellant)",https://www.amazon.in/Backpack-Small-Black-Water-Repellant/dp/B088XB5XY8/ref=sr_1_19?crid=2M096C61O4MLT&keywords=bags&qid=1697638114&sprefix=ba%2Caps%252&sr=8-19,229,4.1 out of 5 stars,"10,281"
"Wesley Milestone 2.0 Casual Waterproof Laptop Backpack/Office Bag/School Bag/College Bag/Business Bag/Travel Backpack (Dimensions:13x18 inches) (Compatible with 15.6"" laptop) 30 L, Charcoal black",https://www.amazon.in/Wesley-Milestone-Waterproof-Backpack-Business/dp/B085S444JV/ref=sr_1_20?crid=2M096C61O4MLT&keywords=bags&qid=1697638114&sprefix=ba%2Caps%252&sr=8-20,499,4.3 out of 5 stars,"13,238"
"TRAWOC 40 Litre Travel Backpack - Versatile Laptop Bag for Men and Women, Casual Daypack with Rain Cover - Ideal Backpack for Men and Women's Travel Needs",https://www.amazon.in/sspa/click?ie=UTF8&spc=MToyMzg3NTQzNzg0ODI3NjU1OjE2OTc2MzgxMTQ6c3BfYnRmOjMwMDA2MzU5NjI3MzEzMjo6MDo6&url=%2FTRAWOC-Litre-Travel-Backpack-Versatile%2Fdp%2FB0CFFLPGN2%2Fref%3Dsr_1_21_sspa%3Fcrid%3D2M096C61O4MLT%26keywords%3Dbags%26qid%3D1697638114%26sprefix%3Dba%252Caps%25252%26sr%3D8-21-spons%26sp_csd%3Dd2lkZ2V0TmFtZT1zcF9idGY%26psc%3D1,"1,345",5.0 out of 5 stars,1
URBAN TRIBE Airborne 30L Convertible Laptop Backpack for Men and Women | Laptop Bag 15.6 inch | Suitcase/Briefcase Style Backpack,https://www.amazon.in/sspa/click?ie=UTF8&spc=MToyMzg3NTQzNzg0ODI3NjU1OjE2OTc2MzgxMTQ6c3BfYnRmOjMwMDA3MTkxMjcwNDEzMjo6MDo6&url=%2FUrban-Tribe-Laptop-Backpack-Airborne%2Fdp%2FB01LZ6G3KZ%2Fref%3Dsr_1_22_sspa%3Fcrid%3D2M096C61O4MLT%26keywords%3Dbags%26qid%3D1697638114%26sprefix%3Dba%252Caps%25252%26sr%3D8-22-spons%26sp_csd%3Dd2lkZ2V0TmFtZT1zcF9idGY%26psc%3D1,"1,287",4.1 out of 5 stars,198
